"ContactID";"CompanyID";"FirstName";"LastName";"Street";"City";"State";"Zip";"IsMain";"Email";"Phone"
1;1;"John";"Doe";"123 Maple St";"New York";"NY";"10001";1;"john.doe@techsolutions.com";"123-456-7890"
2;2;"Dianne";"Connor";"456 Oak Ave";"Los Angeles";"CA";"90001";1;"dianne.connor@tollbrothers.com";"987-654-3210"
3;3;"Lesley";"Bland";"789 Pine Rd";"San Francisco";"CA";"94103";1;"lesley.bland@urbanoutfitters.com";"215-555-8800"
4;4;"Michael";"Smith";"321 Elm Blvd";"Chicago";"IL";"60605";1;"michael.smith@globalmarkets.com";"312-555-1234"
5;5;"Sarah";"Johnson";"654 Cedar Dr";"Austin";"TX";"73301";1;"sarah.johnson@greenenergy.com";"512-555-9876"
6;6;"David";"Lee";"987 Walnut St";"Miami";"FL";"33101";1;"david.lee@blueocean.com";"305-555-7654"
7;7;"Rebecca";"Mills";"543 Birch Ln";"Denver";"CO";"80201";1;"rebecca.mills@solarventures.com";"720-555-4567"
8;8;"Anthony";"Brown";"876 Palm St";"Seattle";"WA";"98101";1;"anthony.brown@quantumdynamics.com";"206-555-1122"
